{"chrome":659.6076551349997,"rider64":77.41127609499998,"steam":60.35936859166668}