{"chrome":768.7825554650002,"rider64":167.39756120166663,"steam":410.49106333833186}