{"steam":30.234716644999992,"rider64":412.106801545,"chrome":696.8253602916667}